"DESCRIPTION","DURATION IN MS","NAME","PARENT SUITE","START TIME","STATUS","STOP TIME","SUB SUITE","SUITE","TEST CLASS","TEST METHOD"
"","1695","Update exercise","tests.exercises","2026-09-12","passed","2026-09-12","TestExercises","test_exercises","",""
"","820","Create file with empty filename","tests.files","2026-09-12","passed","2026-09-12","TestFiles","test_files","",""
"","517","Get file","tests.files","2026-09-12","passed","2026-09-12","TestFiles","test_files","",""
"","11","Get user me","tests.users","2026-09-12","passed","2026-09-12","TestUsers","test_users","",""
"","310","Get exercises","tests.exercises","2026-09-12","passed","2026-09-12","TestExercises","test_exercises","",""
"","309","Get file with incorrect file id","tests.files","2026-09-12","passed","2026-09-12","TestFiles","test_files","",""
"","1101","Login with correct email and password","tests.authentication","2026-09-12","passed","2026-09-12","TestAuthentication","test_authentication","",""
"","262","Get exercise","tests.exercises","2026-09-12","passed","2026-09-12","TestExercises","test_exercises","",""
"","160","Delete file","tests.files","2026-09-12","passed","2026-09-12","TestFiles","test_files","",""
"","1107","Create file with empty directory","tests.files","2026-09-12","passed","2026-09-12","TestFiles","test_files","",""
"","543","Create user","tests.users","2026-09-12","passed","2026-09-12","TestUsers","test_users","",""
"","1292","Create user","tests.users","2026-09-12","passed","2026-09-12","TestUsers","test_users","",""
"","279","Create file","tests.files","2026-09-12","passed","2026-09-12","TestFiles","test_files","",""
"","540","Delete exercise","tests.exercises","2026-09-12","passed","2026-09-12","TestExercises","test_exercises","",""
"","1373","Create user","tests.users","2026-09-12","passed","2026-09-12","TestUsers","test_users","",""
"","553","Create course","tests.courses","2026-09-12","passed","2026-09-12","TestCourses","test_course","",""
"","687","Update course","tests.courses","2026-09-12","passed","2026-09-12","TestCourses","test_course","",""
"","378","Get courses","tests.courses","2026-09-12","passed","2026-09-12","TestCourses","test_course","",""
"","781","Create exercise","tests.exercises","2026-09-12","passed","2026-09-12","TestExercises","test_exercises","",""
